{"country":{"origin":{"2003":{"Afghanistan":2136043,"Albania":10385,"Algeria":11667,"Andorra":10,"Angola":329583,"Antigua and Barbuda":5,"Azerbaijan":253255,"Argentina":784,"Australia":13,"Austria":65,"Bahamas":1,"Bahrain":52,"Bangladesh":5565,"Armenia":13162,"Barbados":11,"Belgium":40,"Bhutan":103978,"Bolivia, Plurinational State of":264,"Bosnia and Herzegovina":300006,"Botswana":5,"Brazil":378,"Belize":10,"Solomon Islands":60,"Brunei Darussalam":1,"Bulgaria":2567,"Myanmar":151384,"Burundi":531637,"Belarus":7815,"Cambodia":31407,"Cameroon":6206,"Canada":60,"Cape Verde":9,"Central African Republic":35400,"Sri Lanka":122010,"Chad":52275,"Chile":1555,"China":132406,"Colombia":37995,"Comoros":58,"Congo":28958,"Costa Rica":92,"Croatia":230189,"Cuba":16093,"Cyprus":5,"Czech Republic":6702,"Benin":282,"Denmark":10,"Dominica":17,"Dominican Republic":92,"Ecuador":730,"El Salvador":5658,"Equatorial Guinea":591,"Ethiopia":62677,"Eritrea":124121,"Estonia":1027,"Fiji":1087,"Finland":7,"France":110,"Djibouti":522,"Georgia":12497,"Gabon":39,"Gambia":746,"Germany":725,"Ghana":15879,"Kiribati":16,"Greece":270,"Grenada":77,"Guatemala":6696,"Guinea":3871,"Guyana":78,"Haiti":7547,"Honduras":604,"Hong Kong":9,"Hungary":3395,"Iceland":12,"India":13706,"Indonesia":16240,"Iran (Islamic Rep. of)":122530,"Iraq":368580,"Ireland":6,"Israel":625,"Italy":207,"Côte d'Ivoire":33637,"Jamaica":259,"Japan":19,"Kazakhstan":6559,"Jordan":1162,"Kenya":3163,"Korea, Democratic People's Republic of":304,"Korea, Republic of":237,"Kuwait":616,"Kyrgyzstan":3141,"Lao People's Democratic Republic":10363,"Lebanon":24932,"Lesotho":6,"Latvia":3177,"Liberia":353344,"Libya":1570,"Lithuania":1541,"Madagascar":88,"Malawi":59,"Malaysia":239,"Maldives":1,"Mali":461,"Malta":7,"Mauritania":30525,"Mauritius":61,"Mexico":1652,"Monaco":1,"Mongolia":324,"Moldova, Republic of":11146,"Morocco":1291,"Mozambique":111,"Oman":11,"Namibia":1293,"Nauru":3,"Nepal":1231,"Netherlands":44,"New Zealand":1,"Nicaragua":3983,"Niger":728,"Nigeria":24428,"Norway":6,"Pakistan":24389,"Panama":30,"Papua New Guinea":18,"Paraguay":32,"Peru":5581,"Philippines":412,"Poland":15211,"Portugal":55,"Guinea-Bissau":975,"Timor-Leste":127,"Qatar":13,"Romania":8387,"Russian Federation":96420,"Rwanda":75263,"Saint Kitts and Nevis":1,"Saint Lucia":16,"Saint Vincent and the Grenadines":105,"San Marino":1,"Sao Tome and Principe":42,"Saudi Arabia":236,"Senegal":8351,"Serbia":296632,"Seychelles":38,"Sierra Leone":70580,"Singapore":35,"Slovakia":667,"Viet Nam":363179,"Slovenia":610,"Somalia":402336,"South Africa":288,"Zimbabwe":7162,"Spain":53,"Sudan":606242,"Western Sahara":165729,"Suriname":70,"Swaziland":5,"Sweden":29,"Switzerland":35,"Syrian Arab Rep.":20819,"Tajikistan":58936,"Thailand":296,"Togo":10614,"Tonga":12,"Trinidad and Tobago":38,"United Arab Emirates":20,"Tunisia":2563,"Turkey":185098,"Turkmenistan":840,"Tuvalu":3,"Uganda":35247,"Ukraine":94148,"Macedonia, the former Yugoslav Republic of":5982,"Egypt":5735,"United Kingdom":149,"United Rep. of Tanzania":711,"United States of America":395,"Burkina Faso":853,"Uruguay":57,"Uzbekistan":7391,"Venezuela, Bolivarian Republic of":598,"Yemen":1597,"Zambia":100,"Dem. Rep. of the Congo":453465,"Palestinian":350568},"2004":{"Afghanistan":2414468,"Albania":10478,"Algeria":10673,"Andorra":3,"Angola":228851,"Antigua and Barbuda":13,"Azerbaijan":250589,"Argentina":796,"Australia":13,"Austria":47,"Bahamas":1,"Bahrain":52,"Bangladesh":5731,"Armenia":13410,"Barbados":7,"Belgium":45,"Bhutan":105255,"Bolivia, Plurinational State of":285,"Bosnia and Herzegovina":228807,"Botswana":6,"Brazil":403,"Belize":9,"Solomon Islands":61,"Brunei Darussalam":1,"Bulgaria":2231,"Myanmar":161013,"Burundi":485767,"Belarus":8231,"Cambodia":18115,"Cameroon":7627,"Canada":56,"Cape Verde":8,"Central African Republic":31067,"Sri Lanka":114053,"Chad":52655,"Chile":1194,"China":134722,"Colombia":47381,"Comoros":50,"Congo":28144,"Costa Rica":138,"Croatia":215477,"Cuba":15675,"Cyprus":2,"Czech Republic":4528,"Benin":309,"Denmark":10,"Dominica":25,"Dominican Republic":97,"Ecuador":727,"El Salvador":4497,"Equatorial Guinea":546,"Ethiopia":63150,"Eritrea":131123,"Estonia":855,"Fiji":1281,"Finland":3,"France":110,"Djibouti":495,"Georgia":6626,"Gabon":53,"Gambia":684,"Germany":78,"Ghana":14772,"Kiribati":32,"Greece":224,"Grenada":99,"Guatemala":4376,"Guinea":4782,"Guyana":194,"Haiti":9208,"Honduras":484,"Hong Kong":8,"Hungary":2749,"Iceland":10,"India":13344,"Indonesia":27919,"Iran (Islamic Rep. of)":115171,"Iraq":311890,"Ireland":3,"Israel":672,"Italy":192,"Côte d'Ivoire":23660,"Jamaica":350,"Japan":21,"Kazakhstan":6121,"Jordan":1170,"Kenya":3847,"Korea, Democratic People's Republic of":343,"Korea, Republic of":272,"Kuwait":398,"Kyrgyzstan":3284,"Lao People's Democratic Republic":16114,"Lebanon":19865,"Lesotho":7,"Latvia":2826,"Liberia":335470,"Libya":1713,"Lithuania":1476,"Luxembourg":1,"Madagascar":135,"Malawi":94,"Malaysia":292,"Maldives":3,"Mali":483,"Malta":3,"Mauritania":31112,"Mauritius":19,"Mexico":1744,"Mongolia":442,"Moldova, Republic of":11938,"Morocco":1318,"Mozambique":104,"Oman":18,"Namibia":1314,"Nepal":1416,"Netherlands":48,"New Zealand":3,"Nicaragua":1821,"Niger":689,"Nigeria":23890,"Norway":5,"Pakistan":25952,"Panama":40,"Papua New Guinea":18,"Paraguay":37,"Peru":4769,"Philippines":434,"Poland":10680,"Portugal":47,"Guinea-Bissau":1018,"Timor-Leste":221,"Qatar":10,"Romania":6045,"Russian Federation":108100,"Rwanda":63804,"Saint Kitts and Nevis":1,"Saint Lucia":34,"Saint Vincent and the Grenadines":181,"San Marino":1,"Sao Tome and Principe":39,"Saudi Arabia":214,"Senegal":8332,"Serbia":237023,"Seychelles":44,"Sierra Leone":41801,"Singapore":36,"Slovakia":619,"Viet Nam":349803,"Slovenia":582,"Somalia":389300,"South Africa":269,"Zimbabwe":9568,"Spain":49,"Sudan":730641,"Western Sahara":165731,"Suriname":51,"Swaziland":14,"Sweden":29,"Switzerland":12,"Syrian Arab Rep.":21434,"Tajikistan":56775,"Thailand":319,"Togo":10818,"Tonga":5,"Trinidad and Tobago":41,"United Arab Emirates":71,"Tunisia":2516,"Turkey":174578,"Turkmenistan":812,"Tuvalu":3,"Uganda":31963,"Ukraine":89587,"Macedonia, the former Yugoslav Republic of":5104,"Egypt":5371,"United Kingdom":144,"United Rep. of Tanzania":985,"United States of America":451,"Burkina Faso":577,"Uruguay":81,"Uzbekistan":7290,"Venezuela, Bolivarian Republic of":1256,"Yemen":1606,"Zambia":124,"Dem. Rep. of the Congo":462191,"Palestinian":349831},"2005":{"Afghanistan":2166149,"Albania":12722,"Algeria":12041,"Andorra":9,"Angola":215827,"Antigua and Barbuda":13,"Azerbaijan":233675,"Argentina":856,"Australia":44,"Austria":66,"Bahamas":1,"Bahrain":41,"Bangladesh":7304,"Armenia":13965,"Barbados":8,"Belgium":95,"Bermuda":2,"Bhutan":106537,"Bolivia, Plurinational State of":269,"Bosnia and Herzegovina":109930,"Botswana":4,"Brazil":370,"Belize":8,"Solomon Islands":27,"Brunei Darussalam":49,"Bulgaria":4254,"Myanmar":164864,"Burundi":438706,"Belarus":8857,"Cambodia":17806,"Cameroon":9101,"Canada":122,"Cape Verde":5,"Central African Republic":42890,"Sri Lanka":108139,"Chad":48400,"Chile":938,"China":124101,"Colombia":60450,"Comoros":61,"Congo":24438,"Costa Rica":178,"Croatia":119148,"Cuba":19000,"Cyprus":5,"Czech Republic":3589,"Benin":411,"Denmark":12,"Dominica":30,"Dominican Republic":67,"Ecuador":775,"El Salvador":4281,"Equatorial Guinea":477,"Ethiopia":65461,"Eritrea":144066,"Estonia":743,"Fiji":1379,"Finland":5,"France":286,"French Polynesia":1,"Djibouti":504,"Georgia":7301,"Gabon":81,"Gambia":1683,"Germany":78,"Ghana":18433,"Kiribati":33,"Greece":331,"Grenada":152,"Guatemala":3379,"Guinea":5820,"Guyana":406,"Haiti":13542,"Honduras":535,"Hungary":3519,"Iceland":7,"India":16285,"Indonesia":34384,"Iran (Islamic Rep. of)":99428,"Iraq":262299,"Ireland":21,"Israel":632,"Italy":217,"Côte d'Ivoire":18338,"Jamaica":489,"Japan":13,"Kazakhstan":4316,"Jordan":1789,"Kenya":4640,"Korea, Democratic People's Republic of":288,"Korea, Republic of":268,"Kuwait":381,"Kyrgyzstan":3122,"Lao People's Democratic Republic":24442,"Lebanon":18323,"Lesotho":6,"Latvia":2430,"Liberia":231139,"Libya":1575,"Lithuania":1448,"Luxembourg":1,"Madagascar":203,"Malawi":101,"Malaysia":394,"Maldives":13,"Mali":520,"Malta":5,"Mauritania":31651,"Mauritius":27,"Mexico":2313,"Mongolia":654,"Moldova, Republic of":12064,"Morocco":2920,"Mozambique":104,"Oman":12,"Namibia":1226,"Nepal":2065,"Netherlands":159,"New Zealand":4,"Nicaragua":1463,"Niger":655,"Nigeria":22128,"Norway":15,"Pakistan":29913,"Panama":42,"Papua New Guinea":23,"Paraguay":44,"Peru":4865,"Philippines":465,"Poland":19641,"Portugal":74,"Guinea-Bissau":1050,"Timor-Leste":251,"Qatar":11,"Romania":11502,"Russian Federation":103037,"Rwanda":100264,"Saint Kitts and Nevis":31,"Saint Lucia":99,"Saint Vincent and the Grenadines":279,"San Marino":1,"Sao Tome and Principe":24,"Saudi Arabia":151,"Senegal":8671,"Serbia":189989,"Seychelles":40,"Sierra Leone":40477,"Singapore":39,"Slovakia":791,"Viet Nam":358268,"Slovenia":155,"Somalia":395553,"South Africa":268,"Zimbabwe":11251,"Spain":49,"Sudan":693632,"Western Sahara":90652,"Suriname":29,"Swaziland":13,"Sweden":75,"Switzerland":16,"Syrian Arab Rep.":16401,"Tajikistan":54753,"Thailand":424,"Togo":51107,"Tonga":4,"Trinidad and Tobago":63,"United Arab Emirates":30,"Tunisia":3129,"Turkey":170567,"Turkmenistan":820,"Uganda":34225,"Ukraine":84228,"Macedonia, the former Yugoslav Republic of":8600,"Egypt":6291,"United Kingdom":135,"United Rep. of Tanzania":1549,"United States of America":683,"Burkina Faso":607,"Uruguay":111,"Uzbekistan":8323,"Venezuela, Bolivarian Republic of":2590,"Yemen":1325,"Zambia":151,"Dem. Rep. of the Congo":430929,"Palestinian":349673},"2006":{"Afghanistan":2107519,"Albania":14079,"Algeria":8353,"Andorra":10,"Angola":206501,"Antigua and Barbuda":19,"Azerbaijan":126068,"Argentina":894,"Australia":29,"Austria":33,"Bahamas":14,"Bahrain":62,"Bangladesh":7803,"Armenia":14917,"Barbados":28,"Belgium":64,"Bhutan":108073,"Bolivia, Plurinational State of":374,"Bosnia and Herzegovina":199946,"Botswana":11,"Brazil":707,"Belize":18,"Solomon Islands":38,"Brunei Darussalam":2,"Bulgaria":3438,"Myanmar":202826,"Burundi":396541,"Belarus":9371,"Cambodia":17965,"Cameroon":10385,"Canada":95,"Cape Verde":40,"Central African Republic":71685,"Sri Lanka":116966,"Chad":36300,"Chile":805,"China":140598,"Colombia":72796,"Comoros":72,"Congo":20608,"Costa Rica":284,"Croatia":93767,"Cuba":33580,"Cyprus":5,"Czech Republic":2138,"Benin":215,"Denmark":12,"Dominica":49,"Dominican Republic":150,"Ecuador":887,"El Salvador":6388,"Equatorial Guinea":461,"Ethiopia":74026,"Eritrea":193745,"Estonia":627,"Fiji":1686,"Finland":6,"France":82,"French Polynesia":1,"Djibouti":485,"Georgia":6340,"Gabon":95,"Gambia":1254,"Germany":114,"Ghana":9960,"Kiribati":41,"Greece":91,"Grenada":202,"Guatemala":6496,"Guinea":6840,"Guyana":537,"Haiti":20837,"Honduras":1035,"Hong Kong":10,"Hungary":3119,"Iceland":31,"India":17811,"Indonesia":34728,"Iran (Islamic Rep. of)":102483,"Iraq":1450905,"Ireland":4,"Israel":882,"Italy":105,"Côte d'Ivoire":26315,"Jamaica":660,"Japan":168,"Kazakhstan":7377,"Jordan":1603,"Kenya":5357,"Korea, Democratic People's Republic of":398,"Korea, Republic of":1334,"Kuwait":617,"Kyrgyzstan":2488,"Lao People's Democratic Republic":26447,"Lebanon":12252,"Lesotho":8,"Latvia":1424,"Liberia":160548,"Libya":1573,"Lithuania":942,"Luxembourg":2,"Madagascar":260,"Malawi":113,"Malaysia":584,"Maldives":16,"Mali":594,"Malta":28,"Mauritania":33428,"Mauritius":80,"Mexico":3304,"Mongolia":867,"Moldova, Republic of":11680,"Montenegro":135,"Morocco":4710,"Mozambique":231,"Oman":38,"Namibia":1202,"Nauru":3,"Nepal":2647,"Netherlands":39,"New Zealand":8,"Nicaragua":1828,"Niger":818,"Nigeria":13253,"Norway":4,"Pakistan":25639,"Panama":75,"Papua New Guinea":31,"Paraguay":105,"Peru":6986,"Philippines":886,"Poland":13513,"Portugal":25,"Guinea-Bissau":1003,"Timor-Leste":251,"Qatar":52,"Romania":7234,"Russian Federation":159382,"Rwanda":92966,"Saint Kitts and Nevis":2,"Saint Lucia":163,"Saint Vincent and the Grenadines":387,"San Marino":2,"Sao Tome and Principe":32,"Saudi Arabia":617,"Senegal":15163,"Serbia":174027,"Seychelles":61,"Sierra Leone":42862,"Singapore":111,"Slovakia":741,"Viet Nam":374279,"Slovenia":1760,"Somalia":464037,"South Africa":510,"Zimbabwe":12781,"Spain":2444,"Sudan":686311,"Western Sahara":90614,"Suriname":66,"Swaziland":22,"Sweden":16,"Switzerland":36,"Syrian Arab Rep.":12337,"Tajikistan":645,"Thailand":3325,"Togo":27332,"Tonga":6,"Trinidad and Tobago":153,"United Arab Emirates":265,"Tunisia":2844,"Turkey":227232,"Turkmenistan":692,"Turks and Caicos Islands":1,"Tuvalu":3,"Uganda":21751,"Ukraine":63723,"Macedonia, the former Yugoslav Republic of":7940,"Egypt":7613,"United Kingdom":174,"United Rep. of Tanzania":1668,"United States of America":1356,"Burkina Faso":377,"Uruguay":164,"Uzbekistan":9101,"Venezuela, Bolivarian Republic of":3828,"Samoa":3,"Yemen":1362,"Zambia":204,"Dem. Rep. of the Congo":401914,"Palestinian":334142},"2007":{"Afghanistan":3057661,"Albania":15340,"Algeria":10615,"Andorra":9,"Angola":186155,"Antigua and Barbuda":25,"Azerbaijan":15916,"Argentina":1171,"Australia":62,"Austria":22,"Bahamas":14,"Bahrain":73,"Bangladesh":10243,"Armenia":15436,"Barbados":38,"Belgium":60,"Bhutan":110598,"Bolivia, Plurinational State of":428,"Bosnia and Herzegovina":78273,"Botswana":16,"Brazil":1624,"Belize":17,"Solomon Islands":48,"Brunei Darussalam":2,"Bulgaria":3311,"Myanmar":191313,"Burundi":375727,"Belarus":4970,"Cambodia":17704,"Cameroon":11508,"Canada":530,"Cape Verde":32,"Central African Republic":98104,"Sri Lanka":134952,"Chad":55722,"Chile":970,"China":149095,"Colombia":551744,"Comoros":96,"Congo":19735,"Costa Rica":361,"Croatia":100423,"Cuba":7503,"Cyprus":9,"Czech Republic":1384,"Benin":271,"Denmark":14,"Dominica":58,"Dominican Republic":358,"Ecuador":1308,"El Salvador":6022,"Equatorial Guinea":407,"Ethiopia":59858,"Eritrea":208748,"Estonia":262,"Fiji":1828,"Finland":4,"France":101,"Djibouti":648,"Georgia":11810,"Gabon":116,"Gambia":1267,"Germany":129,"Ghana":5063,"Kiribati":38,"Greece":92,"Grenada":297,"Guatemala":6161,"Guinea":8278,"Guyana":677,"Haiti":22280,"Honduras":1236,"Hong Kong":11,"Hungary":3386,"Iceland":7,"India":20466,"Indonesia":20558,"Iran (Islamic Rep. of)":68397,"Iraq":2309245,"Ireland":10,"Israel":1541,"Italy":90,"Côte d'Ivoire":22232,"Jamaica":766,"Japan":521,"Kazakhstan":5235,"Jordan":1787,"Kenya":7546,"Korea, Democratic People's Republic of":605,"Korea, Republic of":1188,"Kuwait":746,"Kyrgyzstan":2254,"Lao People's Democratic Republic":10013,"Lebanon":13094,"Lesotho":7,"Latvia":662,"Liberia":91540,"Libya":1954,"Lithuania":466,"Luxembourg":2,"Madagascar":284,"Malawi":97,"Malaysia":615,"Maldives":17,"Mali":4494,"Malta":9,"Mauritania":33108,"Mauritius":71,"Mexico":5572,"Mongolia":1101,"Moldova, Republic of":4918,"Montenegro":557,"Morocco":4039,"Mozambique":222,"Oman":43,"Namibia":1128,"Nauru":3,"Nepal":3364,"Netherlands":43,"New Zealand":13,"Nicaragua":1900,"Niger":827,"Nigeria":13904,"Norway":3,"Palau":1,"Pakistan":31858,"Panama":109,"Papua New Guinea":36,"Paraguay":102,"Peru":7743,"Philippines":1552,"Poland":2915,"Portugal":32,"Guinea-Bissau":1028,"Timor-Leste":6,"Qatar":62,"Romania":5306,"Russian Federation":93224,"Rwanda":80964,"Saint Kitts and Nevis":2,"Saint Lucia":227,"Saint Vincent and the Grenadines":646,"San Marino":2,"Sao Tome and Principe":33,"Saudi Arabia":753,"Senegal":15896,"Serbia":165643,"Seychelles":55,"Sierra Leone":32127,"Singapore":116,"Slovakia":342,"Viet Nam":327776,"Slovenia":52,"Somalia":457356,"South Africa":474,"Zimbabwe":14374,"Spain":41,"Sudan":523032,"Western Sahara":116594,"Suriname":63,"Swaziland":25,"Sweden":16,"Switzerland":31,"Syrian Arab Rep.":13690,"Tajikistan":894,"Thailand":2325,"Togo":22502,"Tonga":5,"Trinidad and Tobago":211,"United Arab Emirates":308,"Tunisia":2507,"Turkey":221939,"Turkmenistan":678,"Turks and Caicos Islands":1,"Tuvalu":2,"Uganda":21341,"Ukraine":25985,"Macedonia, the former Yugoslav Republic of":8077,"Egypt":6799,"United Kingdom":198,"United Rep. of Tanzania":1255,"United States of America":2174,"Burkina Faso":558,"Uruguay":197,"Uzbekistan":5663,"Venezuela, Bolivarian Republic of":5094,"Samoa":2,"Yemen":1632,"Zambia":196,"Dem. Rep. of the Congo":370374,"Palestinian":341237},"2008":{"Afghanistan":2833128,"Albania":15006,"Algeria":9060,"Andorra":6,"Angola":171393,"Antigua and Barbuda":26,"Azerbaijan":16319,"Argentina":1047,"Australia":42,"Austria":14,"Bahamas":15,"Bahrain":80,"Bangladesh":10098,"Armenia":16336,"Barbados":34,"Belgium":61,"Bhutan":104965,"Bolivia, Plurinational State of":454,"Bosnia and Herzegovina":74366,"Botswana":26,"Brazil":1404,"Belize":20,"Solomon Islands":52,"Brunei Darussalam":1,"Bulgaria":3040,"Myanmar":184413,"Burundi":281592,"Belarus":5384,"Cambodia":17253,"Cameroon":13870,"Canada":101,"Cape Verde":30,"Central African Republic":125106,"Sri Lanka":137752,"Chad":55105,"Chile":994,"China":175180,"Colombia":373532,"Comoros":378,"Congo":19925,"Costa Rica":354,"Croatia":97012,"Cuba":7938,"Cyprus":10,"Czech Republic":1358,"Benin":318,"Denmark":11,"Dominica":56,"Dominican Republic":318,"Ecuador":1066,"El Salvador":5151,"Equatorial Guinea":384,"Ethiopia":63878,"Eritrea":186398,"Estonia":248,"Fiji":1868,"Finland":4,"France":101,"Djibouti":650,"Georgia":12598,"Gabon":129,"Gambia":1352,"Germany":166,"Ghana":13242,"Kiribati":38,"Greece":67,"Grenada":312,"Guatemala":5934,"Guinea":9495,"Guyana":708,"Haiti":23066,"Honduras":1116,"Hong Kong":11,"Hungary":1614,"Iceland":7,"India":19569,"Indonesia":19345,"Iran (Islamic Rep. of)":69061,"Iraq":1903519,"Ireland":7,"Israel":1494,"Italy":62,"Côte d'Ivoire":22227,"Jamaica":826,"Japan":185,"Kazakhstan":4825,"Jordan":1890,"Kenya":9688,"Korea, Democratic People's Republic of":886,"Korea, Republic of":1104,"Kuwait":854,"Kyrgyzstan":2517,"Lao People's Democratic Republic":8598,"Lebanon":12967,"Lesotho":8,"Latvia":763,"Liberia":75213,"Libya":2084,"Lithuania":490,"Madagascar":277,"Malawi":106,"Malaysia":608,"Maldives":16,"Mali":1758,"Malta":9,"Mauritania":45601,"Mauritius":24,"Mexico":6162,"Mongolia":1333,"Moldova, Republic of":5555,"Montenegro":1283,"Morocco":3533,"Mozambique":208,"Oman":56,"Namibia":985,"Nauru":3,"Nepal":4189,"Netherlands":46,"New Zealand":10,"Nicaragua":1537,"Niger":796,"Nigeria":14169,"Norway":4,"Palau":1,"Pakistan":32403,"Panama":111,"Papua New Guinea":46,"Paraguay":101,"Peru":7339,"Philippines":1354,"Poland":2391,"Portugal":36,"Guinea-Bissau":1065,"Timor-Leste":7,"Qatar":71,"Romania":4756,"Russian Federation":103061,"Rwanda":72530,"Saint Kitts and Nevis":4,"Saint Lucia":288,"Saint Vincent and the Grenadines":750,"San Marino":1,"Sao Tome and Principe":35,"Saudi Arabia":712,"Senegal":16006,"Serbia":185935,"Seychelles":53,"Sierra Leone":32536,"Singapore":109,"Slovakia":331,"Viet Nam":328183,"Slovenia":52,"Somalia":561155,"South Africa":453,"Zimbabwe":16841,"Spain":27,"Sudan":419248,"Western Sahara":116530,"Suriname":50,"Swaziland":32,"Sweden":15,"Switzerland":32,"Syrian Arab Rep.":15211,"Tajikistan":544,"Thailand":1815,"Togo":16750,"Tonga":7,"Trinidad and Tobago":231,"United Arab Emirates":256,"Tunisia":2349,"Turkey":214378,"Turkmenistan":736,"Turks and Caicos Islands":1,"Tuvalu":2,"Uganda":7548,"Ukraine":28424,"Macedonia, the former Yugoslav Republic of":7521,"Egypt":6780,"United Kingdom":182,"United Rep. of Tanzania":1270,"United States of America":2137,"Burkina Faso":725,"Uruguay":199,"Uzbekistan":6308,"Venezuela, Bolivarian Republic of":5807,"Samoa":4,"Yemen":1777,"Zambia":195,"Dem. Rep. of the Congo":367995,"Palestinian":340016},"2009":{"Afghanistan":2887123,"Albania":15711,"Algeria":8185,"Andorra":6,"Angola":141021,"Antigua and Barbuda":28,"Azerbaijan":16939,"Argentina":608,"Australia":26,"Austria":12,"Bahamas":15,"Bahrain":79,"Bangladesh":10432,"Armenia":18000,"Barbados":29,"Belgium":71,"Bhutan":89070,"Bolivia, Plurinational State of":573,"Bosnia and Herzegovina":70018,"Botswana":30,"Brazil":973,"Belize":17,"Solomon Islands":66,"Brunei Darussalam":1,"Bulgaria":2745,"Myanmar":406669,"Burundi":94239,"Belarus":5525,"Cambodia":17025,"Cameroon":14766,"Canada":99,"Cape Verde":24,"Central African Republic":159554,"Sri Lanka":145721,"Chad":55014,"Chile":1312,"China":180558,"Colombia":389753,"Comoros":268,"Congo":20544,"Cook Islands":1,"Costa Rica":344,"Croatia":76478,"Cuba":7549,"Cyprus":11,"Czech Republic":1067,"Benin":411,"Denmark":10,"Dominica":53,"Dominican Republic":230,"Ecuador":1027,"El Salvador":5051,"Equatorial Guinea":344,"Ethiopia":62889,"Eritrea":209168,"Estonia":248,"Fiji":1892,"Finland":6,"France":87,"Djibouti":622,"Georgia":15020,"Gabon":144,"Gambia":1973,"Germany":170,"Ghana":14893,"Kiribati":33,"Greece":62,"Grenada":333,"Guatemala":5768,"Guinea":10920,"Guyana":727,"Haiti":24116,"Honduras":1166,"Hong Kong":12,"Hungary":1537,"Iceland":4,"India":19514,"Indonesia":18213,"Iran (Islamic Rep. of)":72774,"Iraq":1785212,"Ireland":7,"Israel":1310,"Italy":45,"Côte d'Ivoire":23153,"Jamaica":909,"Japan":150,"Kazakhstan":3744,"Jordan":2129,"Kenya":9620,"Korea, Democratic People's Republic of":881,"Korea, Republic of":573,"Kuwait":938,"Kyrgyzstan":2612,"Lao People's Democratic Republic":8398,"Lebanon":16260,"Lesotho":10,"Latvia":791,"Liberia":71599,"Libya":2202,"Lithuania":501,"Madagascar":274,"Malawi":130,"Malaysia":532,"Maldives":16,"Mali":2926,"Malta":9,"Mauritania":39143,"Mauritius":23,"Mexico":6435,"Monaco":1,"Mongolia":1495,"Moldova, Republic of":5925,"Montenegro":2582,"Morocco":2286,"Mozambique":136,"Oman":64,"Namibia":921,"Nepal":5108,"Netherlands":44,"New Zealand":10,"Nicaragua":1478,"Niger":822,"Nigeria":15609,"Norway":4,"Pakistan":35126,"Panama":105,"Papua New Guinea":70,"Paraguay":77,"Peru":6271,"Philippines":993,"Poland":2059,"Portugal":31,"Guinea-Bissau":1109,"Timor-Leste":7,"Qatar":68,"Romania":4358,"Russian Federation":109455,"Rwanda":129109,"Saint Kitts and Nevis":4,"Saint Lucia":314,"Saint Vincent and the Grenadines":849,"San Marino":1,"Sao Tome and Principe":33,"Saudi Arabia":633,"Senegal":16305,"Serbia":195626,"Seychelles":49,"Sierra Leone":15417,"Singapore":80,"Slovakia":334,"Viet Nam":339289,"Slovenia":39,"Somalia":678309,"South Africa":384,"Zimbabwe":22449,"Spain":34,"Sudan":368195,"Western Sahara":116474,"Suriname":45,"Swaziland":32,"Sweden":19,"Switzerland":18,"Syrian Arab Rep.":17914,"Tajikistan":562,"Thailand":502,"Togo":18378,"Tonga":5,"Trinidad and Tobago":240,"United Arab Emirates":414,"Tunisia":2260,"Turkey":146387,"Turkmenistan":743,"Turks and Caicos Islands":1,"Uganda":7554,"Ukraine":24522,"Macedonia, the former Yugoslav Republic of":7926,"Egypt":6990,"United Kingdom":153,"United Rep. of Tanzania":1204,"United States of America":2368,"Burkina Faso":990,"Uruguay":188,"Uzbekistan":6669,"Venezuela, Bolivarian Republic of":6221,"Yemen":1934,"Zambia":206,"Dem. Rep. of the Congo":455852,"Palestinian":95201},"2010":{"Afghanistan":3054709,"Albania":14772,"Algeria":6689,"Andorra":6,"Angola":134858,"Antigua and Barbuda":30,"Azerbaijan":16753,"Argentina":557,"Australia":37,"Austria":10,"Bahamas":17,"Bahrain":87,"Bangladesh":10049,"Armenia":17547,"Barbados":32,"Belgium":83,"Bhutan":75070,"Bolivia, Plurinational State of":590,"Bosnia and Herzegovina":63004,"Botswana":53,"Brazil":994,"Belize":23,"Solomon Islands":75,"Brunei Darussalam":1,"Bulgaria":2559,"Myanmar":415670,"Burundi":84064,"Belarus":5743,"Cambodia":16314,"Cameroon":14963,"Canada":90,"Cape Verde":25,"Cayman Islands":1,"Central African Republic":164905,"Sri Lanka":141074,"Chad":53733,"Chile":1170,"China":184602,"Colombia":395577,"Comoros":368,"Congo":20679,"Cook Islands":1,"Costa Rica":352,"Croatia":65861,"Cuba":7477,"Cyprus":13,"Czech Republic":817,"Benin":442,"Denmark":9,"Dominica":52,"Dominican Republic":246,"Ecuador":852,"El Salvador":4976,"Equatorial Guinea":305,"Ethiopia":68848,"Eritrea":222460,"Estonia":240,"Fiji":1851,"Finland":6,"France":92,"Djibouti":566,"Georgia":10640,"Gabon":165,"Gambia":2242,"Germany":164,"Ghana":20203,"Kiribati":33,"Greece":51,"Grenada":345,"Guatemala":5679,"Guinea":11985,"Guyana":748,"Haiti":25892,"Honduras":1302,"Hong Kong":17,"Hungary":1438,"Iceland":4,"India":17769,"Indonesia":16892,"Iran (Islamic Rep. of)":68791,"Iraq":1683579,"Ireland":8,"Israel":1301,"Italy":50,"Côte d'Ivoire":41758,"Jamaica":1050,"Japan":152,"Kazakhstan":3632,"Jordan":2254,"Kenya":8602,"Korea, Democratic People's Republic of":917,"Korea, Republic of":585,"Kuwait":988,"Kyrgyzstan":2744,"Lao People's Democratic Republic":8414,"Lebanon":15869,"Lesotho":11,"Latvia":713,"Liberia":70129,"Libya":2309,"Lithuania":515,"Madagascar":270,"Malawi":171,"Malaysia":552,"Maldives":19,"Mali":3663,"Malta":6,"Mauritania":37733,"Mauritius":28,"Mexico":6816,"Monaco":2,"Mongolia":1724,"Moldova, Republic of":6200,"Montenegro":3246,"Morocco":2284,"Mozambique":131,"Oman":63,"Namibia":1017,"Nepal":5889,"Netherlands":53,"Vanuatu":1,"New Zealand":15,"Nicaragua":1431,"Niger":803,"Nigeria":15642,"Norway":7,"Pakistan":39982,"Panama":100,"Papua New Guinea":89,"Paraguay":86,"Peru":5834,"Philippines":970,"Poland":1764,"Portugal":30,"Guinea-Bissau":1127,"Timor-Leste":8,"Qatar":112,"Romania":3934,"Russian Federation":111948,"Rwanda":115524,"Saint Kitts and Nevis":7,"Saint Lucia":334,"Saint Vincent and the Grenadines":946,"San Marino":2,"Sao Tome and Principe":33,"Saudi Arabia":667,"Senegal":16267,"Serbia":183289,"Seychelles":49,"Sierra Leone":11275,"Singapore":76,"Slovakia":158,"Viet Nam":338698,"Slovenia":38,"Somalia":770154,"South Africa":380,"Zimbabwe":24089,"Spain":42,"Sudan":387288,"Western Sahara":116415,"Suriname":25,"Swaziland":36,"Sweden":25,"Switzerland":19,"Syrian Arab Rep.":18452,"Tajikistan":577,"Thailand":356,"Togo":18330,"Tonga":6,"Trinidad and Tobago":255,"United Arab Emirates":424,"Tunisia":2174,"Turkey":146794,"Turkmenistan":738,"Turks and Caicos Islands":1,"Uganda":6441,"Ukraine":25111,"Macedonia, the former Yugoslav Republic of":7889,"Egypt":6913,"United Kingdom":150,"United Rep. of Tanzania":1144,"United States of America":3026,"Burkina Faso":1145,"Uruguay":186,"Uzbekistan":8840,"Venezuela, Bolivarian Republic of":6701,"Samoa":1,"Yemen":2076,"Zambia":228,"Dem. Rep. of the Congo":476693,"Palestinian":93323},"2011":{"Afghanistan":2664436,"Albania":13551,"Algeria":6121,"Andorra":6,"Angola":128664,"Antigua and Barbuda":32,"Azerbaijan":16162,"Argentina":518,"Australia":39,"Austria":11,"Bahamas":185,"Bahrain":215,"Bangladesh":10056,"Armenia":16487,"Barbados":45,"Belgium":90,"Bhutan":57989,"Bolivia, Plurinational State of":611,"Bosnia and Herzegovina":58578,"Botswana":85,"Brazil":1045,"Belize":32,"Solomon Islands":72,"Brunei Darussalam":1,"Bulgaria":2327,"Myanmar":414626,"Burundi":101288,"Belarus":5925,"Cambodia":15205,"Cameroon":15163,"Canada":109,"Cape Verde":27,"Cayman Islands":1,"Central African Republic":162862,"Sri Lanka":136617,"Chad":42640,"Chile":1189,"China":190369,"Colombia":395949,"Comoros":422,"Congo":12839,"Cook Islands":1,"Costa Rica":331,"Croatia":62649,"Cuba":7856,"Cyprus":11,"Czech Republic":763,"Benin":461,"Denmark":9,"Dominica":52,"Dominican Republic":250,"Ecuador":909,"El Salvador":6720,"Equatorial Guinea":258,"Ethiopia":70610,"Eritrea":251954,"Estonia":224,"Fiji":1579,"Finland":7,"France":99,"Djibouti":602,"Georgia":10112,"Gabon":173,"Gambia":2583,"Germany":174,"Ghana":20361,"Kiribati":33,"Greece":56,"Grenada":323,"Guatemala":6088,"Guinea":13161,"Guyana":771,"Haiti":33661,"Honduras":1966,"Hong Kong":15,"Hungary":1238,"Iceland":3,"India":16232,"Indonesia":16079,"Iran (Islamic Rep. of)":72358,"Iraq":1428307,"Ireland":8,"Israel":1335,"Italy":58,"Côte d'Ivoire":154824,"Jamaica":1244,"Japan":176,"Kazakhstan":3500,"Jordan":2250,"Kenya":8745,"Korea, Democratic People's Republic of":1052,"Korea, Republic of":514,"Kuwait":1120,"Kyrgyzstan":3162,"Lao People's Democratic Republic":8088,"Lebanon":15013,"Lesotho":11,"Latvia":709,"Liberia":66780,"Libya":4384,"Lithuania":528,"Madagascar":289,"Malawi":222,"Malaysia":537,"Maldives":21,"Mali":4295,"Malta":6,"Mauritania":39929,"Mauritius":42,"Mexico":7472,"Monaco":4,"Mongolia":1985,"Moldova, Republic of":6264,"Montenegro":3698,"Morocco":2312,"Mozambique":155,"Oman":60,"Namibia":1073,"Nepal":6854,"Netherlands":64,"Vanuatu":1,"New Zealand":18,"Nicaragua":1468,"Niger":819,"Nigeria":17141,"Niue":7,"Norway":7,"Pakistan":35952,"Panama":100,"Papua New Guinea":128,"Paraguay":91,"Peru":5491,"Philippines":952,"Poland":1815,"Portugal":28,"Guinea-Bissau":1123,"Timor-Leste":8,"Qatar":95,"Romania":3428,"Russian Federation":109785,"Rwanda":106833,"Saint Kitts and Nevis":9,"Saint Lucia":433,"Saint Vincent and the Grenadines":1127,"San Marino":1,"Sao Tome and Principe":33,"Saudi Arabia":745,"Senegal":17722,"Serbia":161671,"Seychelles":42,"Sierra Leone":8002,"Singapore":67,"Slovakia":269,"Viet Nam":337829,"Slovenia":32,"Somalia":1077048,"South Africa":429,"Zimbabwe":25048,"Spain":43,"South Sudan":1,"Sudan":500014,"Western Sahara":116413,"Suriname":20,"Swaziland":43,"Sweden":24,"Switzerland":20,"Syrian Arab Rep.":19931,"Tajikistan":612,"Thailand":368,"Togo":17871,"Tonga":10,"Trinidad and Tobago":297,"United Arab Emirates":486,"Tunisia":1952,"Turkey":139779,"Turkmenistan":726,"Turks and Caicos Islands":14,"Tuvalu":1,"Uganda":5680,"Ukraine":25379,"Macedonia, the former Yugoslav Republic of":7684,"Egypt":7936,"United Kingdom":147,"United Rep. of Tanzania":1163,"United States of America":3778,"Burkina Faso":1271,"Uruguay":184,"Uzbekistan":12664,"Venezuela, Bolivarian Republic of":7577,"Samoa":1,"Yemen":2323,"Zambia":240,"Dem. Rep. of the Congo":491481,"Palestinian":94150},"2012":{"Afghanistan":2586152,"Albania":12568,"Algeria":5677,"Andorra":7,"Angola":19258,"Antigua and Barbuda":45,"Azerbaijan":15537,"Argentina":447,"Australia":45,"Austria":12,"Bahamas":196,"Bahrain":297,"Bangladesh":10161,"Armenia":15935,"Barbados":55,"Belgium":93,"Bhutan":41590,"Bolivia, Plurinational State of":618,"Bosnia and Herzegovina":51822,"Botswana":127,"Brazil":1076,"Belize":39,"Solomon Islands":61,"Brunei Darussalam":1,"Bulgaria":2147,"Myanmar":415371,"Burundi":73363,"Belarus":6191,"Cambodia":14024,"Cameroon":13382,"Canada":123,"Cape Verde":25,"Cayman Islands":1,"Central African Republic":164568,"Sri Lanka":132731,"Chad":39694,"Chile":1152,"China":193453,"Colombia":394111,"Comoros":454,"Congo":12119,"Cook Islands":1,"Costa Rica":325,"Croatia":62606,"Cuba":7730,"Cyprus":11,"Czech Republic":622,"Benin":457,"Denmark":9,"Dominica":54,"Dominican Republic":289,"Ecuador":844,"El Salvador":8171,"Equatorial Guinea":228,"Ethiopia":74968,"Eritrea":285371,"Estonia":456,"Fiji":1317,"Finland":7,"France":100,"Djibouti":640,"Georgia":9261,"Gabon":183,"Gambia":3076,"Germany":182,"Ghana":24298,"Kiribati":33,"Greece":51,"Grenada":316,"Guatemala":6388,"Guinea":14061,"Guyana":801,"Haiti":38568,"Honduras":2613,"Hong Kong":19,"Hungary":1087,"Iceland":3,"India":14258,"Indonesia":15523,"Iran (Islamic Rep. of)":75937,"Iraq":746206,"Ireland":9,"Israel":1340,"Italy":66,"Côte d'Ivoire":100720,"Jamaica":1400,"Japan":172,"Kazakhstan":3571,"Jordan":2368,"Kenya":8950,"Korea, Democratic People's Republic of":1132,"Korea, Republic of":558,"Kuwait":1197,"Kyrgyzstan":3489,"Lao People's Democratic Republic":7984,"Lebanon":15106,"Lesotho":13,"Latvia":662,"Liberia":23428,"Libya":5251,"Lithuania":491,"Madagascar":301,"Malawi":277,"Malaysia":531,"Maldives":24,"Mali":149943,"Malta":6,"Mauritania":33765,"Mauritius":62,"Mexico":8435,"Monaco":4,"Mongolia":2114,"Moldova, Republic of":6148,"Montenegro":4054,"Morocco":2407,"Mozambique":160,"Oman":65,"Namibia":1098,"Nepal":7612,"Netherlands":67,"Vanuatu":1,"New Zealand":20,"Nicaragua":1531,"Niger":832,"Nigeria":18021,"Niue":10,"Norway":9,"Marshall Islands":2,"Pakistan":49785,"Panama":107,"Papua New Guinea":174,"Paraguay":101,"Peru":5212,"Philippines":986,"Poland":1640,"Portugal":32,"Guinea-Bissau":1180,"Timor-Leste":9,"Qatar":124,"Romania":2807,"Russian Federation":110588,"Rwanda":97373,"Saint Kitts and Nevis":12,"Saint Lucia":566,"Saint Vincent and the Grenadines":1316,"San Marino":1,"Sao Tome and Principe":32,"Saudi Arabia":818,"Senegal":18724,"Serbia":158908,"Seychelles":29,"Sierra Leone":6202,"Singapore":68,"Slovakia":239,"Viet Nam":336939,"Slovenia":34,"Somalia":1136719,"South Africa":420,"Zimbabwe":22101,"Spain":52,"South Sudan":87009,"Sudan":568943,"Western Sahara":116452,"Suriname":15,"Swaziland":65,"Sweden":20,"Switzerland":17,"Syrian Arab Rep.":729022,"Tajikistan":674,"Thailand":381,"Togo":15693,"Tonga":13,"Trinidad and Tobago":333,"United Arab Emirates":584,"Tunisia":1935,"Turkey":135372,"Turkmenistan":723,"Turks and Caicos Islands":14,"Tuvalu":1,"Uganda":5608,"Ukraine":25256,"Macedonia, the former Yugoslav Republic of":7589,"Egypt":10020,"United Kingdom":145,"United Rep. of Tanzania":1122,"United States of America":4456,"Burkina Faso":1460,"Uruguay":171,"Uzbekistan":11593,"Venezuela, Bolivarian Republic of":8208,"Samoa":1,"Yemen":2594,"Zambia":243,"Dem. Rep. of the Congo":509290,"Palestinian":94918},"2013":{"Afghanistan":2556502,"Albania":10103,"Algeria":3660,"Andorra":5,"Angola":10286,"Antigua and Barbuda":49,"Azerbaijan":10814,"Argentina":388,"Australia":28,"Austria":10,"Bahamas":210,"Bahrain":275,"Bangladesh":9728,"Armenia":11998,"Barbados":67,"Belgium":78,"Bhutan":31567,"Bolivia, Plurinational State of":601,"Bosnia and Herzegovina":26790,"Botswana":168,"Brazil":985,"Belize":40,"Solomon Islands":61,"Brunei Darussalam":1,"Bulgaria":1880,"Myanmar":479606,"Burundi":72647,"Belarus":4397,"Cambodia":13747,"Cameroon":11427,"Canada":99,"Cape Verde":28,"Cayman Islands":6,"Central African Republic":252867,"Sri Lanka":123084,"Chad":48640,"Chile":596,"China":195133,"Colombia":396711,"Comoros":513,"Congo":11753,"Cook Islands":1,"Costa Rica":463,"Croatia":49756,"Cuba":7459,"Cyprus":10,"Czech Republic":991,"Benin":302,"Denmark":10,"Dominica":43,"Dominican Republic":306,"Ecuador":707,"El Salvador":9635,"Equatorial Guinea":200,"Ethiopia":77122,"Eritrea":308236,"Estonia":352,"Fiji":1112,"Finland":7,"France":98,"Djibouti":762,"Georgia":6778,"Gabon":176,"Gambia":3397,"Germany":175,"Ghana":21078,"Kiribati":20,"Greece":91,"Grenada":330,"Guatemala":6615,"Guinea":14561,"Guyana":800,"Haiti":38659,"Honduras":3300,"Hong Kong":25,"Hungary":1220,"Iceland":2,"India":11041,"Indonesia":14786,"Iran (Islamic Rep. of)":75067,"Iraq":401466,"Ireland":9,"Israel":1041,"Italy":66,"Côte d'Ivoire":85652,"Jamaica":1496,"Japan":157,"Kazakhstan":2123,"Jordan":1632,"Kenya":8586,"Korea, Democratic People's Republic of":1167,"Korea, Republic of":500,"Kuwait":977,"Kyrgyzstan":2301,"Lao People's Democratic Republic":7745,"Lebanon":3819,"Lesotho":15,"Latvia":233,"Liberia":17558,"Libya":3314,"Lithuania":220,"Luxembourg":1,"Madagascar":296,"Malawi":326,"Malaysia":485,"Maldives":31,"Mali":152828,"Malta":6,"Mauritania":34252,"Mauritius":81,"Mexico":9390,"Monaco":3,"Mongolia":2059,"Moldova, Republic of":2207,"Montenegro":546,"Morocco":1308,"Mozambique":56,"Oman":26,"Namibia":1143,"Nepal":8110,"Netherlands":64,"Vanuatu":1,"New Zealand":17,"Nicaragua":1538,"Niger":683,"Nigeria":31176,"Niue":14,"Norway":13,"Marshall Islands":3,"Palau":1,"Pakistan":48686,"Panama":105,"Papua New Guinea":221,"Paraguay":95,"Peru":4768,"Philippines":724,"Poland":1429,"Portugal":32,"Guinea-Bissau":1223,"Timor-Leste":10,"Qatar":17,"Romania":2330,"Russian Federation":74316,"Rwanda":83955,"Saint Kitts and Nevis":15,"Saint Lucia":710,"Saint Vincent and the Grenadines":1535,"San Marino":1,"Sao Tome and Principe":31,"Saudi Arabia":584,"Senegal":19822,"Serbia":48725,"Seychelles":26,"Sierra Leone":5311,"Singapore":65,"Slovakia":323,"Viet Nam":314107,"Slovenia":28,"Somalia":1121770,"South Africa":423,"Zimbabwe":19734,"Spain":56,"South Sudan":114470,"Sudan":648942,"Western Sahara":116504,"Suriname":17,"Swaziland":109,"Sweden":16,"Switzerland":15,"Syrian Arab Rep.":2468331,"Tajikistan":662,"Thailand":222,"Togo":10319,"Tonga":18,"Trinidad and Tobago":336,"United Arab Emirates":90,"Tunisia":1363,"Turkey":66575,"Turkmenistan":519,"Turks and Caicos Islands":15,"Tuvalu":2,"Uganda":8176,"Ukraine":5163,"Macedonia, the former Yugoslav Republic of":1628,"Egypt":12810,"United Kingdom":142,"United Rep. of Tanzania":1040,"United States of America":4760,"Burkina Faso":1584,"Uruguay":147,"Uzbekistan":4952,"Venezuela, Bolivarian Republic of":8395,"Samoa":1,"Yemen":2428,"Zambia":232,"Dem. Rep. of the Congo":499563,"Palestinian":96044},"2014":{"Afghanistan":2593332,"Albania":10123,"Algeria":3478,"Angola":9476,"Antigua and Barbuda":48,"Azerbaijan":10509,"Argentina":301,"Australia":17,"Austria":5,"Bahamas":211,"Bahrain":334,"Bangladesh":10834,"Armenia":11811,"Barbados":82,"Belgium":71,"Bhutan":23618,"Bolivia, Plurinational State of":583,"Bosnia and Herzegovina":21877,"Botswana":234,"Brazil":957,"Belize":42,"Solomon Islands":70,"Bulgaria":1639,"Myanmar":478976,"Burundi":72463,"Belarus":4273,"Cambodia":13056,"Cameroon":10724,"Canada":89,"Cape Verde":17,"Cayman Islands":6,"Central African Republic":412018,"Sri Lanka":121957,"Chad":48211,"Chile":571,"China":210701,"Colombia":360254,"Comoros":565,"Congo":14435,"Costa Rica":409,"Croatia":40115,"Cuba":7467,"Czech Republic":1321,"Benin":330,"Denmark":6,"Dominica":35,"Dominican Republic":328,"Ecuador":778,"El Salvador":10943,"Equatorial Guinea":163,"Ethiopia":86773,"Eritrea":363026,"Estonia":330,"Fiji":917,"Finland":5,"France":79,"Djibouti":860,"Georgia":6698,"Gabon":154,"Gambia":5085,"Germany":165,"Ghana":22100,"Greece":108,"Grenada":324,"Guatemala":7462,"Guinea":15213,"Guyana":700,"Haiti":37142,"Honduras":4147,"Hong Kong":20,"Hungary":1254,"India":10393,"Indonesia":14393,"Iran (Islamic Rep. of)":82111,"Iraq":369850,"Ireland":7,"Israel":952,"Italy":58,"Côte d'Ivoire":71894,"Jamaica":1675,"Japan":257,"Kazakhstan":2187,"Jordan":1679,"Kenya":8529,"Korea, Democratic People's Republic of":1270,"Korea, Republic of":468,"Kuwait":982,"Kyrgyzstan":2410,"Lao People's Democratic Republic":7471,"Lebanon":4246,"Lesotho":11,"Latvia":206,"Liberia":13509,"Libya":4158,"Lithuania":177,"Madagascar":264,"Malawi":345,"Malaysia":458,"Maldives":27,"Mali":139224,"Mauritania":34079,"Mauritius":76,"Mexico":10637,"Mongolia":2125,"Moldova, Republic of":2224,"Montenegro":593,"Morocco":1501,"Mozambique":45,"Oman":20,"Namibia":1235,"Nepal":8532,"Netherlands":63,"New Zealand":14,"Nicaragua":1575,"Niger":712,"Nigeria":90865,"Niue":18,"Pakistan":335866,"Panama":83,"Papua New Guinea":285,"Paraguay":87,"Peru":4323,"Philippines":653,"Poland":1291,"Portugal":25,"Guinea-Bissau":1286,"Timor-Leste":8,"Qatar":18,"Romania":1910,"Russian Federation":72752,"Rwanda":79374,"Saint Kitts and Nevis":15,"Saint Lucia":921,"Saint Vincent and the Grenadines":1736,"Sao Tome and Principe":19,"Saudi Arabia":601,"Senegal":23090,"Serbia":46090,"Seychelles":18,"Sierra Leone":4947,"Singapore":55,"Slovakia":311,"Viet Nam":313392,"Slovenia":25,"Somalia":1106019,"South Africa":392,"Zimbabwe":22455,"Spain":50,"South Sudan":616191,"Sudan":665908,"Western Sahara":116479,"Suriname":17,"Swaziland":151,"Sweden":8,"Switzerland":11,"Syrian Arab Rep.":3883554,"Tajikistan":690,"Thailand":225,"Togo":9229,"Tonga":19,"Trinidad and Tobago":371,"United Arab Emirates":84,"Tunisia":1452,"Turkey":63940,"Turkmenistan":462,"Turks and Caicos Islands":15,"Uganda":7137,"Ukraine":237618,"Macedonia, the former Yugoslav Republic of":1746,"Egypt":15824,"United Kingdom":132,"United Rep. of Tanzania":827,"United States of America":4965,"Burkina Faso":1823,"Uruguay":114,"Uzbekistan":4766,"Venezuela, Bolivarian Republic of":7989,"Yemen":2580,"Zambia":309,"Dem. Rep. of the Congo":516734,"Palestinian":97190}},"destination":{"2003":{"Azerbaijan":326,"Australia":55958,"Austria":12157,"Bangladesh":19792,"Belgium":9326,"Brazil":3188,"Bulgaria":3879,"Belarus":638,"Cambodia":76,"Canada":130435,"Sri Lanka":29,"Chad":146400,"Chile":463,"China":299354,"Croatia":4387,"Cuba":836,"Cyprus":349,"Czech Republic":1431,"Denmark":65188,"Ecuador":6377,"Ethiopia":130274,"Estonia":12,"Finland":8155,"France":100047,"Georgia":3864,"Germany":849403,"Greece":2621,"Hungary":6990,"India":164757,"Indonesia":233,"Iran (Islamic Rep. of)":984895,"Ireland":4661,"Italy":9832,"Côte d'Ivoire":75971,"Japan":2174,"Kazakhstan":15831,"Korea, Republic of":25,"Kuwait":1512,"Kyrgyzstan":5591,"Lebanon":2516,"Latvia":16,"Lithuania":399,"Malaysia":7424,"Malta":567,"Mexico":6075,"Moldova, Republic of":102,"Morocco":1206,"Netherlands":136963,"New Zealand":4922,"Norway":38686,"Pakistan":1124298,"Poland":1813,"Portugal":321,"Qatar":46,"Romania":2011,"Russian Federation":9864,"Saudi Arabia":240835,"Serbia":291403,"Slovakia":414,"South Africa":26533,"Zimbabwe":12721,"Spain":5859,"Sweden":105277,"Switzerland":48997,"Syrian Arab Rep.":3659,"Tajikistan":3306,"Thailand":119052,"United Arab Emirates":139,"Turkey":2447,"Turkmenistan":13511,"Ukraine":2870,"Macedonia, the former Yugoslav Republic of":193,"Egypt":88624,"United Kingdom":178781,"United States of America":407098,"Uzbekistan":44682,"Argentina":2642,"Iceland":238,"Panama":1445,"Angola":13382,"Botswana":2838,"Benin":5034,"Guinea":184341,"Liberia":33997,"Liechtenstein":111,"Mali":9923,"Senegal":20726,"Tunisia":99,"Yemen":61880,"Central African Republic":44753,"Colombia":183,"Congo":91299,"Gabon":14005,"Guatemala":715,"Kenya":237512,"Mauritania":470,"Namibia":19800,"Nigeria":9171,"Somalia":368,"Swaziland":686,"Zambia":226112,"Dem. Rep. of the Congo":233855,"Armenia":239289,"Bolivia, Plurinational State of":527,"Israel":4179,"Peru":718,"Nepal":103667,"Jordan":1179,"Libya":11894,"Slovenia":2069,"Hong Kong":1899,"Algeria":169033,"Cameroon":58417,"Malawi":3199,"Mozambique":311,"Rwanda":36608,"Sudan":138163,"Togo":12329,"Uganda":230903,"United Rep. of Tanzania":647723,"Burkina Faso":466,"Uruguay":78,"Viet Nam":15360,"Niger":328,"Ghana":43947,"Philippines":105,"Sierra Leone":61194,"Singapore":1,"Venezuela, Bolivarian Republic of":57,"Costa Rica":13327,"El Salvador":246,"Honduras":23,"Bosnia and Herzegovina":22517,"Nicaragua":300,"Paraguay":28,"Belize":861,"Eritrea":3889,"Djibouti":27034,"Gambia":7465,"Papua New Guinea":7491,"Afghanistan":22,"Albania":26,"Iraq":46721,"Timor-Leste":3,"Guinea-Bissau":7547,"Burundi":40971},"2004":{"Azerbaijan":8606,"Australia":62926,"Austria":17583,"Bangladesh":20449,"Belgium":10406,"Brazil":3340,"Bulgaria":4426,"Belarus":725,"Cambodia":382,"Canada":138509,"Sri Lanka":62,"Chile":564,"China":299375,"Croatia":3663,"Cuba":795,"Cyprus":531,"Czech Republic":1532,"Denmark":61132,"Ecuador":8446,"Ethiopia":115980,"Estonia":11,"Finland":9329,"France":108992,"Georgia":2559,"Germany":759915,"Greece":2476,"Hong Kong":1867,"Hungary":7457,"India":162687,"Indonesia":169,"Iran (Islamic Rep. of)":1045976,"Ireland":5379,"Italy":12665,"Côte d'Ivoire":72088,"Japan":1870,"Kazakhstan":15844,"Jordan":1088,"Korea, Republic of":44,"Kuwait":1513,"Kyrgyzstan":3753,"Lebanon":1746,"Latvia":10,"Lithuania":464,"Malaysia":24905,"Malta":946,"Mexico":4343,"Moldova, Republic of":57,"Mozambique":623,"Netherlands":124512,"New Zealand":4903,"Norway":40836,"Pakistan":1290984,"Poland":2481,"Portugal":329,"Qatar":46,"Romania":1606,"Russian Federation":1793,"Serbia":276683,"Slovakia":275,"South Africa":27652,"Zimbabwe":6884,"Spain":5651,"Sweden":66254,"Switzerland":47359,"Syrian Arab Rep.":15566,"Tajikistan":1834,"Thailand":121138,"Turkey":2990,"Turkmenistan":13253,"Ukraine":2452,"Macedonia, the former Yugoslav Republic of":1004,"Egypt":90343,"United Kingdom":187535,"United States of America":367293,"Uzbekistan":44455,"Argentina":2916,"Iceland":238,"Angola":13970,"Botswana":2839,"Benin":4802,"Guinea":139252,"Liberia":15172,"Liechtenstein":111,"Mali":11170,"Morocco":195,"Senegal":20804,"Tunisia":90,"Yemen":66383,"Central African Republic":25020,"Colombia":138,"Congo":68469,"Gabon":13787,"Mauritania":466,"Namibia":14773,"Nigeria":8395,"Swaziland":704,"Uganda":250482,"Zambia":164395,"Dem. Rep. of the Congo":199142,"Armenia":235235,"Panama":1608,"Israel":574,"Peru":766,"Nepal":104928,"Libya":12165,"Slovenia":304,"Singapore":1,"Algeria":169048,"Cameroon":58683,"Kenya":239835,"Malawi":3681,"Rwanda":50221,"Sudan":140318,"Togo":11219,"United Rep. of Tanzania":600235,"Burkina Faso":492,"Uruguay":84,"Viet Nam":2360,"Niger":344,"Chad":254607,"Ghana":42053,"Philippines":104,"Sierra Leone":65437,"Somalia":357,"Saudi Arabia":240552,"Venezuela, Bolivarian Republic of":243,"Bolivia, Plurinational State of":524,"Costa Rica":10210,"El Salvador":235,"Guatemala":656,"Honduras":23,"Nicaragua":292,"Paraguay":41,"Bosnia and Herzegovina":22215,"Belize":732,"Eritrea":4240,"Djibouti":18035,"Gambia":7343,"United Arab Emirates":104,"Papua New Guinea":7627,"Afghanistan":30,"Albania":51,"Iraq":46053,"Oman":7,"Guinea-Bissau":7532,"Timor-Leste":3,"Burundi":48808},"2005":{"Azerbaijan":3004,"Australia":64468,"Austria":20850,"Bangladesh":21098,"Belgium":13639,"Bolivia, Plurinational State of":535,"Brazil":3458,"Bulgaria":4213,"Belarus":725,"Cambodia":127,"Canada":144331,"Sri Lanka":106,"Chile":799,"China":301041,"Cuba":706,"Cyprus":700,"Czech Republic":1712,"Denmark":41112,"Ecuador":10059,"Ethiopia":100817,"Estonia":5,"Finland":10347,"France":118144,"Georgia":2497,"Germany":681838,"Greece":2362,"Hong Kong":1934,"Hungary":7898,"India":139283,"Indonesia":89,"Iran (Islamic Rep. of)":974302,"Ireland":6610,"Italy":17569,"Côte d'Ivoire":41627,"Japan":1816,"Kazakhstan":7265,"Korea, Republic of":69,"Kuwait":1517,"Kyrgyzstan":2598,"Lebanon":1072,"Latvia":11,"Lithuania":525,"Malaysia":33693,"Malta":1327,"Moldova, Republic of":84,"Mozambique":1954,"Netherlands":115089,"New Zealand":5189,"Norway":41061,"Pakistan":1084694,"Poland":4576,"Portugal":298,"Qatar":46,"Romania":2035,"Russian Federation":1513,"Slovakia":300,"Slovenia":251,"South Africa":29653,"Spain":5330,"Sweden":67555,"Switzerland":47832,"Syrian Arab Rep.":26058,"Tajikistan":1018,"Thailand":117051,"Turkey":2399,"Turkmenistan":11963,"Ukraine":2338,"Macedonia, the former Yugoslav Republic of":1274,"Egypt":88946,"United Kingdom":192837,"United States of America":378204,"Uzbekistan":43950,"Argentina":3073,"Iceland":263,"Mexico":3229,"Serbia":148264,"Angola":13984,"Bosnia and Herzegovina":10568,"Botswana":3109,"Benin":30294,"Guinea":63525,"Jordan":937,"Liberia":10168,"Liechtenstein":112,"Mali":11147,"Morocco":219,"Senegal":20712,"Tunisia":87,"Yemen":81936,"Central African Republic":24569,"Colombia":152,"Congo":66005,"Gabon":8545,"Namibia":5307,"Nigeria":9019,"Swaziland":760,"Zambia":146162,"Dem. Rep. of the Congo":204158,"Armenia":219550,"Panama":1730,"Israel":609,"Peru":847,"Nepal":106283,"Croatia":2927,"Libya":12165,"Philippines":93,"Singapore":3,"Algeria":94101,"Cameroon":51879,"Kenya":251271,"Malawi":4240,"Guinea-Bissau":7612,"Rwanda":45206,"Zimbabwe":12502,"Sudan":145986,"Togo":9221,"Uganda":257256,"United Rep. of Tanzania":546397,"Burkina Faso":511,"Uruguay":108,"Viet Nam":2357,"Niger":301,"Chad":270082,"Ghana":53537,"Mauritania":630,"Sierra Leone":59965,"Somalia":493,"Guatemala":391,"Saudi Arabia":240701,"Venezuela, Bolivarian Republic of":407,"Costa Rica":10990,"El Salvador":49,"Honduras":22,"Nicaragua":227,"Paraguay":50,"Belize":624,"Eritrea":4418,"Djibouti":10456,"Gambia":7330,"United Arab Emirates":103,"Papua New Guinea":9999,"Afghanistan":32,"Albania":56,"Iraq":50177,"Timor-Leste":3,"Burundi":20681,"Oman":7},"2006":{"Azerbaijan":2618,"Australia":68505,"Austria":25042,"Bangladesh":26311,"Belgium":15081,"Brazil":3491,"Bulgaria":4304,"Belarus":690,"Cambodia":99,"Canada":149660,"Sri Lanka":162,"Chile":1127,"China":301027,"Cuba":667,"Cyprus":923,"Czech Republic":1770,"Denmark":34987,"Ecuador":11785,"Ethiopia":96980,"Estonia":5,"Finland":11174,"France":123386,"Georgia":1373,"Germany":529133,"Greece":2261,"Hungary":7915,"Iceland":267,"India":158366,"Indonesia":301,"Iran (Islamic Rep. of)":968370,"Ireland":7456,"Italy":23479,"Côte d'Ivoire":27288,"Japan":1705,"Kazakhstan":4412,"Korea, Republic of":96,"Kyrgyzstan":366,"Lebanon":20159,"Latvia":21,"Lithuania":525,"Malaysia":37170,"Malta":1792,"Moldova, Republic of":161,"Mozambique":2558,"Netherlands":97173,"New Zealand":4830,"Norway":42115,"Pakistan":1044462,"Poland":6762,"Portugal":277,"Qatar":46,"Romania":1658,"Russian Federation":1416,"Slovakia":236,"Slovenia":254,"South Africa":30322,"Spain":5214,"Sweden":73722,"Switzerland":48300,"Syrian Arab Rep.":702171,"Tajikistan":929,"Thailand":133113,"United Arab Emirates":173,"Turkey":2633,"Turkmenistan":750,"Ukraine":2267,"Macedonia, the former Yugoslav Republic of":1240,"Egypt":88022,"United Kingdom":194578,"United States of America":840219,"Uzbekistan":1415,"Argentina":3157,"Mexico":3319,"Angola":13090,"Bosnia and Herzegovina":10318,"Botswana":3160,"Liberia":16185,"Libya":2759,"Liechtenstein":269,"Mali":10499,"Morocco":503,"Senegal":20591,"Tunisia":93,"Yemen":95793,"Cameroon":35070,"Central African Republic":12357,"Colombia":140,"Congo":55713,"Benin":10797,"Gabon":8429,"Guinea":31468,"Namibia":5462,"Nigeria":8768,"Swaziland":752,"Zambia":110711,"Dem. Rep. of the Congo":208318,"Armenia":113714,"Panama":1848,"Hong Kong":1940,"Nepal":108022,"Israel":837,"Peru":911,"Croatia":2443,"Jordan":500193,"Montenegro":6926,"Serbia":98997,"Micronesia, Federated States of":2,"Philippines":97,"Singapore":1,"Algeria":94180,"Kenya":272531,"Malawi":3943,"Guinea-Bissau":7800,"Rwanda":49192,"Zimbabwe":3276,"Togo":6263,"Uganda":272007,"United Rep. of Tanzania":482699,"Burkina Faso":511,"Uruguay":109,"Viet Nam":2357,"Bolivia, Plurinational State of":567,"Niger":317,"Chad":281425,"Mauritania":766,"El Salvador":39,"Ghana":44938,"Somalia":669,"Sierra Leone":27365,"Sudan":195985,"Albania":56,"Guatemala":382,"Mongolia":5,"Saudi Arabia":240772,"Venezuela, Bolivarian Republic of":719,"Costa Rica":11237,"Honduras":22,"Nicaragua":199,"Paraguay":59,"Belize":488,"Burundi":13176,"Eritrea":4621,"Djibouti":9259,"Gambia":13761,"Bahrain":1,"Papua New Guinea":10183,"Afghanistan":35,"Iraq":44406,"Kuwait":50,"Timor-Leste":3,"Oman":7},"2007":{"Azerbaijan":2352,"Australia":20753,"Austria":30249,"Belgium":14140,"Brazil":20782,"Bulgaria":4635,"Belarus":649,"Cambodia":179,"Canada":173564,"Sri Lanka":182,"Chile":1369,"China":301078,"Costa Rica":11604,"Cyprus":1193,"Czech Republic":1982,"Denmark":25700,"Ecuador":264858,"Ethiopia":85183,"Estonia":18,"Finland":6072,"France":129853,"Georgia":1047,"Germany":554472,"Greece":2199,"Hungary":7942,"Iceland":49,"India":161537,"Indonesia":315,"Iran (Islamic Rep. of)":963546,"Ireland":8812,"Italy":34671,"Côte d'Ivoire":24647,"Japan":1661,"Kazakhstan":4285,"Korea, Republic of":118,"Kuwait":38159,"Kyrgyzstan":723,"Lebanon":50326,"Latvia":29,"Lithuania":682,"Malaysia":32658,"Malta":2388,"Mexico":1616,"Moldova, Republic of":151,"Mozambique":2767,"Netherlands":83048,"New Zealand":1813,"Norway":33263,"Pakistan":2035023,"Poland":10025,"Portugal":297,"Qatar":46,"Romania":1757,"Russian Federation":1650,"Slovakia":271,"Slovenia":263,"South Africa":31972,"Spain":5019,"Sweden":69498,"Switzerland":45413,"Syrian Arab Rep.":1503747,"Tajikistan":1133,"Thailand":125641,"United Arab Emirates":159,"Turkey":6956,"Turkmenistan":125,"Ukraine":7261,"Macedonia, the former Yugoslav Republic of":1235,"Egypt":97556,"United Kingdom":197164,"United States of America":277126,"Uzbekistan":1054,"Argentina":3262,"Albania":77,"Angola":12069,"Bosnia and Herzegovina":7367,"Benin":7621,"Jordan":500252,"Liberia":10466,"Libya":4097,"Liechtenstein":275,"Mali":9117,"Morocco":786,"Senegal":20421,"Tunisia":101,"Yemen":117362,"Bolivia, Plurinational State of":632,"Botswana":2465,"Cameroon":60114,"Central African Republic":7535,"Colombia":165,"Congo":38379,"Gabon":8826,"Guinea":25226,"Mauritania":30471,"Namibia":6525,"Nigeria":8460,"Zimbabwe":3981,"Swaziland":789,"Zambia":103378,"Dem. Rep. of the Congo":177332,"Armenia":4566,"Panama":16890,"Hong Kong":97,"Nepal":110528,"Trinidad and Tobago":22,"Israel":1156,"Peru":995,"Croatia":1642,"Montenegro":8528,"Serbia":97995,"Bangladesh":27573,"Micronesia, Federated States of":2,"Philippines":103,"Singapore":10,"Algeria":94137,"Kenya":265729,"Malawi":2929,"Guinea-Bissau":7856,"Rwanda":53577,"Togo":1263,"Uganda":228959,"United Rep. of Tanzania":435435,"Burkina Faso":535,"Uruguay":125,"Viet Nam":2357,"Niger":319,"Chad":288731,"Sudan":222722,"El Salvador":39,"Somalia":901,"Ghana":34958,"Sierra Leone":8795,"Cuba":615,"Guatemala":379,"Mongolia":5,"Saudi Arabia":240742,"Venezuela, Bolivarian Republic of":200906,"Honduras":22,"Nicaragua":184,"Paraguay":62,"Burundi":24483,"Belize":358,"Eritrea":5042,"Djibouti":6651,"Gambia":14895,"Vanuatu":1,"Papua New Guinea":10003,"Afghanistan":42,"Iraq":42354,"Haiti":1,"Timor-Leste":1,"Suriname":1,"Oman":7},"2008":{"Azerbaijan":2061,"Australia":20489,"Austria":36915,"Belgium":12735,"Brazil":3851,"Bulgaria":4920,"Belarus":609,"Cambodia":164,"Canada":171763,"Sri Lanka":269,"Chile":1606,"Costa Rica":11923,"Croatia":1597,"Cyprus":1464,"Czech Republic":2044,"Denmark":23044,"Ecuador":101330,"Ethiopia":83583,"Estonia":22,"Finland":6471,"France":138032,"Georgia":996,"Germany":565421,"Greece":2131,"Hungary":7554,"Iceland":49,"India":184543,"Indonesia":369,"Iran (Islamic Rep. of)":980109,"Ireland":9276,"Italy":43610,"Côte d'Ivoire":24811,"Japan":1901,"Kazakhstan":4352,"Jordan":500371,"Korea, Republic of":172,"Kyrgyzstan":375,"Lebanon":50408,"Latvia":32,"Lithuania":745,"Malaysia":36671,"Malta":3723,"Mexico":1055,"Moldova, Republic of":148,"Mozambique":3163,"Netherlands":73974,"New Zealand":1952,"Norway":34684,"Pakistan":1780935,"Poland":12751,"Portugal":379,"Romania":1596,"Russian Federation":3478,"Slovakia":311,"Slovenia":268,"South Africa":31733,"Spain":4514,"Sweden":71094,"Switzerland":45813,"Syrian Arab Rep.":1105663,"Tajikistan":1799,"Thailand":112930,"Turkey":11098,"Turkmenistan":79,"Ukraine":7185,"Egypt":97861,"United Kingdom":195367,"United States of America":275433,"Uzbekistan":821,"Argentina":2272,"Albania":65,"Angola":12710,"Bosnia and Herzegovina":7257,"Botswana":3019,"Cameroon":81037,"Benin":6933,"Iraq":39503,"Liberia":10224,"Libya":6713,"Liechtenstein":81,"Mali":9578,"Morocco":766,"Senegal":33193,"Tunisia":94,"Yemen":140164,"Bolivia, Plurinational State of":664,"Central African Republic":7429,"Colombia":167,"Congo":24779,"Gabon":9001,"Guinea":21488,"Mauritania":27041,"Namibia":6799,"Nigeria":10124,"Rwanda":55062,"Zimbabwe":3468,"Swaziland":775,"Zambia":83414,"Dem. Rep. of the Congo":155102,"Armenia":3953,"Panama":16913,"Nepal":104832,"Somalia":1836,"Trinidad and Tobago":33,"Israel":9137,"Peru":1075,"Montenegro":24741,"Serbia":96739,"Macedonia, the former Yugoslav Republic of":1672,"Bangladesh":28389,"Micronesia, Federated States of":1,"Papua New Guinea":10006,"Philippines":101,"Saudi Arabia":240572,"Singapore":10,"China":300967,"Ghana":18206,"Hong Kong":103,"Kenya":320605,"Malawi":4175,"Guinea-Bissau":7884,"Togo":9377,"Uganda":162132,"United Rep. of Tanzania":321909,"Burkina Faso":557,"Uruguay":128,"Viet Nam":2357,"Algeria":94093,"Niger":320,"Chad":325224,"Sudan":180504,"Vanuatu":3,"Sierra Leone":7826,"Guatemala":130,"Mongolia":11,"Venezuela, Bolivarian Republic of":201160,"El Salvador":32,"Honduras":24,"Nicaragua":147,"Paraguay":75,"Burundi":21093,"Belize":277,"Cuba":525,"Eritrea":4862,"Djibouti":9228,"Haiti":3,"United Arab Emirates":209,"Afghanistan":37,"Kuwait":38238,"Bahrain":48,"Qatar":13,"Gambia":14836,"Timor-Leste":1,"Suriname":1,"Oman":7},"2009":{"Azerbaijan":1642,"Australia":22153,"Austria":38222,"Belgium":12849,"Brazil":4228,"Bulgaria":5170,"Belarus":580,"Canada":167556,"China":300989,"Costa Rica":12298,"Croatia":1238,"Cyprus":2887,"Czech Republic":2239,"Denmark":20175,"Ecuador":116538,"Ethiopia":121886,"Estonia":24,"Finland":7302,"France":151170,"Germany":574255,"Greece":1596,"Hong Kong":86,"Hungary":5850,"Iceland":62,"India":185323,"Indonesia":798,"Iran (Islamic Rep. of)":1070488,"Iraq":35218,"Ireland":9117,"Italy":51461,"Côte d'Ivoire":24604,"Japan":2206,"Kazakhstan":4340,"Jordan":450687,"Korea, Republic of":268,"Kyrgyzstan":423,"Lebanon":50403,"Latvia":43,"Libya":9005,"Lithuania":787,"Malaysia":66137,"Malta":5346,"Mexico":1235,"Moldova, Republic of":141,"Mozambique":3547,"Nepal":88461,"Netherlands":72133,"New Zealand":2879,"Norway":35989,"Pakistan":1740711,"Papua New Guinea":9703,"Poland":15299,"Portugal":365,"Romania":1069,"Russian Federation":4869,"Slovakia":391,"Slovenia":289,"South Africa":36148,"Spain":3789,"Sweden":77065,"Switzerland":45838,"Syrian Arab Rep.":1054429,"Tajikistan":2679,"Thailand":105296,"United Arab Emirates":279,"Turkey":10343,"Turkmenistan":60,"Ukraine":7314,"United Kingdom":187806,"United States of America":272256,"Uzbekistan":555,"Argentina":2680,"Angola":14734,"Bosnia and Herzegovina":7132,"Botswana":3022,"Cambodia":135,"Cameroon":99957,"Benin":7205,"Liberia":6952,"Liechtenstein":83,"Mali":13538,"Morocco":773,"Senegal":22151,"Tunisia":92,"Egypt":94406,"Yemen":170849,"Algeria":94137,"Bolivia, Plurinational State of":679,"Central African Republic":27047,"Colombia":193,"Congo":111411,"Gabon":8845,"Guinea":15325,"Mauritania":26795,"Namibia":7163,"Nigeria":9127,"Rwanda":54016,"Zimbabwe":3995,"Swaziland":759,"Zambia":56714,"Dem. Rep. of the Congo":185751,"Armenia":3607,"Georgia":870,"Panama":16923,"Somalia":1814,"Trinidad and Tobago":37,"Israel":17736,"Peru":1108,"Montenegro":24019,"Serbia":86351,"Macedonia, the former Yugoslav Republic of":1542,"Bangladesh":228586,"Sri Lanka":251,"Jamaica":26,"Micronesia, Federated States of":1,"Palau":11,"Philippines":92,"Saudi Arabia":575,"Singapore":7,"Ghana":13658,"Kenya":358928,"Malawi":5443,"Guinea-Bissau":7898,"Togo":8531,"Uganda":127345,"United Rep. of Tanzania":118545,"Burkina Faso":543,"Uruguay":151,"Viet Nam":2357,"Niger":325,"Chad":333209,"Sudan":185217,"Vanuatu":4,"Sierra Leone":9051,"Albania":70,"Guatemala":131,"Mongolia":11,"Venezuela, Bolivarian Republic of":201312,"Cuba":454,"El Salvador":30,"Honduras":19,"Nicaragua":120,"Paraguay":89,"Cayman Islands":1,"Burundi":24967,"Belize":230,"Eritrea":4751,"Djibouti":12111,"Haiti":3,"Afghanistan":37,"Kuwait":221,"Bahrain":139,"Oman":26,"Qatar":29,"Gambia":10118,"Timor-Leste":1,"Suriname":1,"Fiji":2},"2010":{"Azerbaijan":1891,"Australia":21225,"Austria":41874,"Belgium":13398,"Brazil":4352,"Bulgaria":5298,"Belarus":589,"Canada":163635,"Chad":347939,"Chile":1172,"China":300986,"Costa Rica":12371,"Croatia":936,"Cyprus":3393,"Czech Republic":2361,"Denmark":17721,"Ecuador":121229,"Ethiopia":154295,"Estonia":39,"Finland":8570,"France":158457,"Georgia":639,"Germany":574734,"Greece":1345,"Hong Kong":154,"Hungary":5205,"Iceland":83,"India":184821,"Indonesia":811,"Iran (Islamic Rep. of)":1073366,"Iraq":34655,"Ireland":9048,"Italy":53330,"Japan":2376,"Kazakhstan":4406,"Jordan":450869,"Korea, Republic of":358,"Kyrgyzstan":2458,"Lebanon":8057,"Latvia":68,"Lithuania":797,"Malaysia":81516,"Malta":5527,"Mexico":1395,"Moldova, Republic of":148,"Morocco":792,"Mozambique":4077,"Nepal":74808,"Netherlands":70906,"New Zealand":2191,"Norway":38231,"Pakistan":1900621,"Panama":17073,"Papua New Guinea":9698,"Poland":15535,"Portugal":360,"Romania":1018,"Russian Federation":4899,"Slovakia":451,"Slovenia":314,"South Africa":46072,"Spain":3641,"Sweden":78105,"Switzerland":48279,"Syrian Arab Rep.":1005411,"Tajikistan":3131,"Thailand":96674,"United Arab Emirates":538,"Turkey":10026,"Turkmenistan":62,"Ukraine":3004,"United Kingdom":165915,"United States of America":262535,"Uzbekistan":311,"Venezuela, Bolivarian Republic of":201546,"Argentina":2724,"Angola":15155,"Bosnia and Herzegovina":7016,"Botswana":2986,"Cambodia":129,"Cameroon":104275,"Benin":7139,"Liberia":24743,"Libya":7923,"Liechtenstein":84,"Mali":13558,"Senegal":20672,"Tunisia":89,"Egypt":95056,"Yemen":190087,"Algeria":94144,"Bolivia, Plurinational State of":695,"Central African Republic":21574,"Colombia":209,"Congo":133112,"Gabon":9015,"Guinea":14113,"Mauritania":26717,"Namibia":7254,"Nigeria":8747,"Rwanda":55398,"Zimbabwe":4435,"Swaziland":759,"Zambia":47786,"Dem. Rep. of the Congo":166336,"Armenia":3296,"Somalia":1936,"Trinidad and Tobago":29,"Israel":25471,"Peru":1146,"Montenegro":16364,"Serbia":73608,"Macedonia, the former Yugoslav Republic of":1398,"Bangladesh":229253,"Sri Lanka":223,"Philippines":240,"Saudi Arabia":582,"Singapore":7,"Ghana":13828,"Côte d'Ivoire":26200,"Kenya":402905,"Malawi":5740,"Guinea-Bissau":7679,"Sudan":178184,"Togo":14051,"Uganda":135801,"United Rep. of Tanzania":109024,"Burkina Faso":531,"Uruguay":170,"Viet Nam":1928,"Gambia":8378,"Niger":314,"Nicaragua":64,"Virgin Islands, British":2,"Vanuatu":4,"Sierra Leone":8363,"Albania":76,"Guatemala":138,"Mongolia":12,"Cuba":411,"El Salvador":38,"Honduras":14,"Paraguay":107,"Bahamas":28,"Cayman Islands":1,"Burundi":29365,"Belize":134,"Eritrea":4809,"Djibouti":15104,"Kuwait":184,"Dominican Republic":599,"Jamaica":21,"Afghanistan":6434,"Bahrain":165,"Oman":78,"Qatar":51,"Timor-Leste":1,"Suriname":1,"Fiji":1,"Guyana":7},"2011":{"Azerbaijan":1730,"Argentina":2809,"Australia":22395,"Austria":46223,"Belgium":15342,"Brazil":4472,"Bulgaria":5451,"Belarus":595,"Canada":162983,"Cayman Islands":3,"Chad":366494,"Chile":1225,"China":301018,"Costa Rica":12571,"Croatia":823,"Cyprus":3502,"Czech Republic":2361,"Denmark":12794,"Ecuador":123416,"Ethiopia":288844,"Estonia":49,"Fiji":7,"Finland":9007,"France":167548,"Germany":553740,"Greece":1461,"Hong Kong":152,"Hungary":4879,"Iceland":58,"India":185118,"Indonesia":1006,"Iran (Islamic Rep. of)":886468,"Iraq":35189,"Ireland":8189,"Italy":55091,"Côte d'Ivoire":24221,"Japan":2410,"Kazakhstan":616,"Jordan":450969,"Kenya":566487,"Korea, Republic of":401,"Kyrgyzstan":6095,"Lebanon":8984,"Latvia":95,"Lithuania":815,"Malaysia":86678,"Mexico":1677,"Moldova, Republic of":146,"Morocco":736,"Mozambique":4079,"Nepal":57654,"Netherlands":70205,"New Zealand":1861,"Norway":38565,"Pakistan":1702700,"Panama":17262,"Papua New Guinea":9377,"Philippines":122,"Poland":15826,"Portugal":384,"Romania":1001,"Russian Federation":3896,"Slovakia":537,"Slovenia":142,"South Africa":46072,"Spain":4055,"Sweden":81602,"Switzerland":49827,"Syrian Arab Rep.":755443,"Tajikistan":3323,"Thailand":89252,"United Arab Emirates":677,"Turkey":14445,"Turkmenistan":59,"Ukraine":3158,"United Kingdom":145578,"United States of America":262467,"Uzbekistan":214,"Venezuela, Bolivarian Republic of":202021,"Albania":82,"Angola":16223,"Bosnia and Herzegovina":6933,"Botswana":3312,"Cambodia":64,"Cameroon":100373,"Benin":7217,"Lesotho":34,"Liberia":128293,"Libya":9980,"Liechtenstein":94,"Mali":15624,"Senegal":20644,"Tunisia":4096,"Egypt":95087,"Yemen":214740,"Algeria":94148,"Bolivia, Plurinational State of":716,"Central African Republic":16730,"Colombia":216,"Congo":141232,"Gabon":1773,"Guinea":16609,"Mauritania":26535,"Namibia":6049,"Nigeria":8806,"Rwanda":55325,"Zimbabwe":4561,"Swaziland":759,"Zambia":45632,"Dem. Rep. of the Congo":152749,"Armenia":2918,"Georgia":462,"Djibouti":20340,"Malta":6339,"Somalia":2097,"Trinidad and Tobago":22,"Israel":41235,"Peru":1143,"Paraguay":124,"Uruguay":174,"Montenegro":12874,"Serbia":70707,"Macedonia, the former Yugoslav Republic of":1130,"Bangladesh":229669,"Sri Lanka":188,"Saudi Arabia":599,"Singapore":3,"Ghana":13588,"Malawi":6308,"Guinea-Bissau":7800,"Sudan":139297,"Togo":19270,"Uganda":139448,"United Rep. of Tanzania":130992,"Burkina Faso":546,"Viet Nam":990,"Gambia":9528,"Niger":302,"Nicaragua":86,"South Sudan":105023,"Virgin Islands, British":2,"Saint Lucia":2,"Sierra Leone":8092,"Guatemala":147,"Mongolia":1,"Cuba":384,"El Salvador":38,"Honduras":17,"Bahamas":28,"Burundi":35659,"Belize":78,"Eritrea":4719,"Madagascar":9,"Palau":1,"Kuwait":332,"Dominican Republic":595,"Jamaica":20,"Afghanistan":3009,"Grenada":3,"Bahrain":199,"Oman":83,"Qatar":80,"Guyana":7,"Tonga":1},"2012":{"Algeria":94133,"Azerbaijan":1468,"Argentina":2933,"Australia":28469,"Austria":50783,"Belgium":16698,"Brazil":4684,"Bulgaria":2205,"Belarus":576,"Canada":161931,"Cayman Islands":3,"Sri Lanka":110,"Chad":373695,"Chile":1252,"China":301037,"Colombia":216,"Costa Rica":12629,"Croatia":723,"Cyprus":3630,"Czech Republic":2647,"Denmark":11173,"Ecuador":123804,"Ethiopia":376393,"Estonia":62,"Fiji":6,"Finland":9714,"France":175576,"Georgia":469,"Germany":571040,"Greece":1984,"Hong Kong":117,"Hungary":3803,"Iceland":59,"India":185656,"Indonesia":1819,"Iran (Islamic Rep. of)":868242,"Iraq":98822,"Ireland":6315,"Italy":61877,"Côte d'Ivoire":3980,"Japan":2365,"Kazakhstan":564,"Jordan":302668,"Kenya":564933,"Korea, Republic of":487,"Kyrgyzstan":4941,"Lebanon":133938,"Latvia":125,"Lithuania":864,"Malaysia":90185,"Mexico":1520,"Moldova, Republic of":185,"Mozambique":4398,"Nepal":41264,"Netherlands":67618,"New Zealand":1513,"Norway":40647,"Pakistan":1638456,"Panama":17429,"Papua New Guinea":9383,"Philippines":138,"Poland":15889,"Portugal":459,"Romania":1254,"Russian Federation":3140,"Slovakia":654,"Slovenia":176,"South Africa":51730,"Spain":4307,"Sweden":87174,"Switzerland":50166,"Syrian Arab Rep.":476504,"Tajikistan":2248,"United Arab Emirates":631,"Turkey":267045,"Turkmenistan":46,"Ukraine":2784,"Egypt":109933,"United Kingdom":114812,"United States of America":259287,"Uzbekistan":176,"Venezuela, Bolivarian Republic of":203643,"Albania":86,"Angola":23413,"Bosnia and Herzegovina":6903,"Botswana":2785,"Cameroon":98969,"El Salvador":45,"Lesotho":34,"Liberia":65909,"Libya":7065,"Morocco":744,"Senegal":14237,"Sudan":152078,"Tunisia":1435,"Yemen":237182,"Bolivia, Plurinational State of":733,"Central African Republic":14014,"Congo":98455,"Benin":4966,"Gabon":1663,"Guinea":10371,"Nigeria":3154,"Rwanda":58212,"Zimbabwe":4356,"Swaziland":505,"Armenia":2854,"Djibouti":19139,"Malta":7635,"Peru":1121,"Somalia":2263,"Trinidad and Tobago":18,"Israel":48505,"Liechtenstein":102,"Guatemala":159,"Paraguay":133,"Uruguay":181,"Montenegro":11198,"Serbia":66370,"Macedonia, the former Yugoslav Republic of":1077,"Bangladesh":230697,"Cambodia":77,"Saudi Arabia":577,"Singapore":3,"Thailand":84475,"Ghana":16016,"Malawi":6544,"Mali":13928,"Namibia":1806,"Guinea-Bissau":7784,"Togo":23540,"Uganda":197877,"United Rep. of Tanzania":100778,"Burkina Faso":39306,"Zambia":25653,"Dem. Rep. of the Congo":65109,"Gambia":9853,"Mauritania":80496,"Niger":50510,"Nicaragua":129,"South Sudan":202581,"Virgin Islands, British":2,"Kuwait":653,"Saint Lucia":2,"Sierra Leone":4204,"Mongolia":4,"Cuba":371,"Honduras":16,"Bahamas":37,"Belize":28,"Burundi":41813,"Eritrea":3600,"Madagascar":9,"Palau":1,"Dominican Republic":758,"Jamaica":20,"Afghanistan":16187,"Vanuatu":2,"Bahrain":289,"Oman":138,"Qatar":80,"Guyana":7,"Tonga":1},"2013":{"Algeria":94150,"Azerbaijan":1380,"Argentina":2802,"Australia":32630,"Austria":54619,"Belgium":23178,"Brazil":5188,"Bulgaria":3916,"Belarus":604,"Canada":158513,"Cayman Islands":6,"Chad":434479,"Chile":1300,"China":301047,"Colombia":221,"Costa Rica":19005,"Croatia":682,"Cyprus":3882,"Czech Republic":2835,"Denmark":12260,"Ecuador":123192,"Ethiopia":433936,"Estonia":69,"Finland":11022,"France":184811,"Georgia":847,"Germany":182124,"Greece":3353,"Hong Kong":126,"Hungary":2267,"Iceland":78,"India":188395,"Indonesia":3206,"Iran (Islamic Rep. of)":857354,"Iraq":246298,"Ireland":5993,"Italy":75388,"Côte d'Ivoire":2980,"Japan":2352,"Kazakhstan":584,"Jordan":641887,"Kenya":534938,"Korea, Republic of":548,"Kyrgyzstan":466,"Lebanon":856546,"Latvia":160,"Lithuania":909,"Luxembourg":916,"Malaysia":97513,"Mexico":1831,"Mongolia":9,"Moldova, Republic of":250,"Morocco":1470,"Mozambique":4445,"Nepal":31305,"Netherlands":70394,"New Zealand":1355,"Nigeria":1694,"Norway":43691,"Pakistan":1616507,"Panama":17665,"Papua New Guinea":9378,"Philippines":178,"Poland":16392,"Portugal":574,"Romania":1718,"Russian Federation":3425,"Slovakia":692,"Slovenia":213,"South Africa":52484,"Spain":4443,"Sweden":104757,"Switzerland":51697,"Syrian Arab Rep.":149292,"Tajikistan":2048,"Thailand":136494,"Turkey":609923,"Turkmenistan":45,"Ukraine":2934,"Macedonia, the former Yugoslav Republic of":982,"Egypt":230086,"United Kingdom":99591,"United States of America":260508,"Uzbekistan":141,"Venezuela, Bolivarian Republic of":204339,"Zambia":23594,"Angola":23783,"Bosnia and Herzegovina":6926,"Botswana":2773,"Cameroon":114753,"El Salvador":44,"Lesotho":30,"Liberia":53253,"Libya":25561,"Senegal":14247,"Sudan":159741,"Tunisia":730,"Yemen":241288,"Bolivia, Plurinational State of":748,"Central African Republic":14322,"Congo":51037,"Gabon":1594,"Guinea":8560,"Rwanda":73349,"Zimbabwe":6389,"Swaziland":507,"Dem. Rep. of the Congo":113362,"Armenia":13732,"Djibouti":20015,"Malta":9291,"Peru":1161,"Somalia":2424,"Trinidad and Tobago":20,"Israel":48194,"Liechtenstein":97,"Guatemala":160,"Paraguay":136,"Uruguay":203,"Montenegro":8476,"Serbia":57083,"Bangladesh":231145,"Cambodia":68,"Saudi Arabia":559,"Singapore":3,"Ghana":18681,"Malawi":5796,"Mali":14316,"Namibia":2332,"Guinea-Bissau":8535,"Togo":20613,"Uganda":220555,"United Rep. of Tanzania":101888,"Burkina Faso":29234,"Mauritania":92767,"Niger":57661,"Benin":194,"Nicaragua":189,"South Sudan":229587,"Kuwait":615,"Saint Lucia":5,"United Arab Emirates":603,"Sierra Leone":2817,"Albania":93,"Dominican Republic":721,"Honduras":16,"Aruba":1,"Turks and Caicos Islands":4,"Bahamas":15,"Belize":21,"Cuba":384,"Eritrea":3166,"Fiji":5,"Gambia":9563,"Palau":1,"Jamaica":21,"Afghanistan":16863,"Vanuatu":2,"Bahrain":294,"Oman":138,"Qatar":130,"Sri Lanka":145,"Burundi":45490,"Madagascar":12,"Guyana":11,"Barbados":1,"Tonga":1},"2014":{"Azerbaijan":1298,"Argentina":2873,"Australia":33748,"Austria":54581,"Belgium":26075,"Brazil":7415,"Bulgaria":10185,"Belarus":919,"Canada":147434,"Sri Lanka":498,"Chile":1308,"China":301047,"Croatia":689,"Cuba":271,"Cyprus":5075,"Czech Republic":2848,"Denmark":16283,"Ecuador":122063,"Estonia":57,"Fiji":7,"Finland":11439,"France":192228,"Germany":210836,"Greece":10113,"Hungary":2603,"Iceland":53,"India":199916,"Indonesia":4262,"Iran (Islamic Rep. of)":982025,"Iraq":271137,"Ireland":5790,"Italy":92659,"Japan":2295,"Kazakhstan":628,"Jordan":654104,"Korea, Republic of":1149,"Kyrgyzstan":479,"Lebanon":1154024,"Latvia":163,"Lithuania":964,"Luxembourg":1046,"Malaysia":99328,"Moldova, Republic of":293,"Nauru":332,"Nepal":23480,"Netherlands":77015,"New Zealand":1157,"Nigeria":1217,"Norway":44267,"Pakistan":1505516,"Papua New Guinea":9488,"Philippines":193,"Poland":15635,"Portugal":610,"Romania":2081,"Russian Federation":235712,"Rwanda":73812,"Slovakia":764,"Slovenia":231,"South Africa":112106,"Spain":5546,"Sweden":128810,"Switzerland":61991,"Syrian Arab Rep.":149130,"Tajikistan":2017,"Thailand":130207,"Turkey":1587284,"Turkmenistan":34,"Ukraine":3129,"United Kingdom":96006,"United States of America":263801,"Uzbekistan":123,"Lesotho":38,"Senegal":14267,"Tunisia":885,"Cameroon":264102,"Central African Republic":7687,"Congo":54827,"Gabon":992,"Côte d'Ivoire":1898,"Swaziland":496,"Dem. Rep. of the Congo":119747,"Armenia":17635,"Malta":5440,"Peru":1250,"Somalia":2717,"Trinidad and Tobago":66,"Liechtenstein":97,"Sudan":277702,"Costa Rica":19137,"Paraguay":149,"Montenegro":6455,"Serbia":43739,"Macedonia, the former Yugoslav Republic of":880,"Bangladesh":232468,"Cambodia":59,"Angola":15458,"Botswana":2637,"Ethiopia":659510,"Guinea":8748,"Kenya":551336,"Malawi":5871,"Mali":15188,"Mozambique":4524,"Namibia":1755,"Guinea-Bissau":8680,"Zimbabwe":6066,"Uganda":385498,"Egypt":236050,"United Rep. of Tanzania":88344,"Burkina Faso":31889,"Zambia":25561,"Panama":17221,"Algeria":94104,"Chad":452877,"Ghana":18438,"Mexico":1785,"Morocco":1200,"Niger":77821,"Uruguay":244,"Benin":404,"Mauritania":75619,"South Sudan":248152,"Togo":21768,"Hong Kong":130,"Libya":27954,"Bolivia, Plurinational State of":741,"Venezuela, Bolivarian Republic of":173551,"Albania":76,"Saudi Arabia":554,"Guatemala":160,"Nicaragua":273,"Gambia":11601,"Bosnia and Herzegovina":6873,"Bahamas":12,"Colombia":173,"Belize":10,"Eritrea":2898,"Djibouti":20520,"Israel":39671,"United Arab Emirates":409,"Yemen":257632,"Kuwait":586,"Liberia":38572,"Dominican Republic":603,"Honduras":13,"Jamaica":18,"El Salvador":23,"Afghanistan":300421,"Bahrain":310,"Georgia":843,"Oman":150,"Qatar":132,"Sierra Leone":1371,"Madagascar":6,"Burundi":52931,"Guyana":7}}},"continent":{"origin":{"2003":{"Europe":206837,"America":12905,"Africa":455220,"Asia":1094186,"Australia":1180},"2004":{"Asia":1046252,"Africa":491867,"America":12146,"Australia":1377,"Europe":158309},"2005":{"Asia":1022544,"Africa":550496,"America":12600,"Europe":114317,"Australia":1467},"2006":{"Europe":318037,"Africa":648439,"America":15076,"Australia":1787,"Asia":1092454},"2007":{"America":15950,"Asia":974414,"Europe":50510,"Africa":501428,"Australia":1915},"2008":{"Asia":979702,"Europe":48051,"Africa":544761,"Australia":1931,"America":14176},"2009":{"Europe":44449,"Asia":970090,"Australia":1914,"Africa":611716,"America":12535},"2010":{"Asia":951480,"America":12087,"Australia":1831,"Africa":638918,"Europe":41186},"2011":{"Europe":34561,"Africa":686832,"Asia":931410,"America":12712,"Australia":1498},"2012":{"Australia":1178,"Africa":723026,"America":12521,"Asia":946775,"Europe":32643},"2013":{"Africa":716353,"Australia":902,"Europe":30332,"Asia":972220,"America":10886},"2014":{"America":10432,"Asia":1072550,"Australia":637,"Africa":743721,"Europe":27788}},"destination":{"2003":{"Africa":85152,"Asia":82610,"America":496968,"Europe":1037259,"Australia":68339},"2004":{"Africa":84295,"Asia":94032,"Europe":998819,"America":457387,"Australia":75418},"2005":{"Africa":83978,"Asia":94213,"America":454108,"Australia":79609,"Europe":989516},"2006":{"Asia":106062,"Australia":83474,"America":879948,"Europe":929423,"Africa":76886},"2007":{"Asia":128684,"Africa":88320,"America":363899,"Australia":32450,"Europe":930864},"2008":{"Africa":90224,"America":355633,"Europe":949674,"Australia":32314,"Asia":160776},"2009":{"Africa":88113,"Australia":34572,"America":345616,"Europe":975270,"Asia":197133},"2010":{"Europe":969883,"Africa":87482,"America":330194,"Australia":32849,"Asia":225094},"2011":{"America":319536,"Australia":33258,"Africa":86934,"Asia":262497,"Europe":964788},"2012":{"Asia":293198,"Europe":974694,"Australia":38874,"Africa":99598,"America":309779},"2013":{"America":307991,"Africa":237742,"Australia":42781,"Asia":296483,"Europe":845696},"2014":{"Australia":44037,"America":303689,"Europe":956301,"Asia":302972,"Africa":248129}}}}